series_id,source,source_url,download_date,frequency,unit,start_date,end_date,n_obs,missing_pct,file,notes
DGS3MO,FRED,https://fred.stlouisfed.org/series/DGS3MO,2026-10-06,D,%,1981-09-01,2026-10-05,11273,33.3,data/raw/rates/ust/ust_curve.csv,
DGS1,FRED,https://fred.stlouisfed.org/series/DGS1,2026-10-06,D,%,1962-01-02,2026-10-05,16175,4.3,data/raw/rates/ust/ust_curve.csv,
DGS2,FRED,https://fred.stlouisfed.org/series/DGS2,2026-10-06,D,%,1976-06-01,2026-10-05,12583,25.5,data/raw/rates/ust/ust_curve.csv,
DGS5,FRED,https://fred.stlouisfed.org/series/DGS5,2026-10-06,D,%,1962-01-02,2026-10-05,16175,4.3,data/raw/rates/ust/ust_curve.csv,
DGS7,FRED,https://fred.stlouisfed.org/series/DGS7,2026-10-06,D,%,1969-07-01,2026-10-05,14305,15.3,data/raw/rates/ust/ust_curve.csv,
DGS10,FRED,https://fred.stlouisfed.org/series/DGS10,2026-10-06,D,%,1962-01-02,2026-10-05,16175,4.3,data/raw/rates/ust/ust_curve.csv,
DGS20,FRED,https://fred.stlouisfed.org/series/DGS20,2026-10-06,D,%,1962-01-02,2026-10-05,14486,14.3,data/raw/rates/ust/ust_curve.csv,
DGS30,FRED,https://fred.stlouisfed.org/series/DGS30,2026-10-06,D,%,1977-02-15,2026-10-05,12405,26.6,data/raw/rates/ust/ust_curve.csv,
DFF,FRED,https://fred.stlouisfed.org/series/DFF,2026-10-06,D,%,1954-07-01,2026-10-05,26395,0.0,data/raw/short_rates/DFF.csv,Effective Fed Funds; 7-day freq incl. weekends
DTB3,FRED,https://fred.stlouisfed.org/series/DTB3,2026-10-06,D,% discount basis,1954-01-04,2026-10-05,18181,4.2,data/raw/short_rates/DTB3.csv,comparison only
DEXUSEU,FRED,https://fred.stlouisfed.org/series/DEXUSEU,2026-10-06,D,USD per EUR / JPY per USD,1999-01-04,2026-10-02,6960,52.1,data/raw/fx/fx_usd.csv,EURJPY = DEXJPUS*DEXUSEU; noon NY H.10
DEXJPUS,FRED,https://fred.stlouisfed.org/series/DEXJPUS,2026-10-06,D,USD per EUR / JPY per USD,1971-01-04,2026-10-02,13975,3.9,data/raw/fx/fx_usd.csv,EURJPY = DEXJPUS*DEXUSEU; noon NY H.10
DAAA,FRED,https://fred.stlouisfed.org/series/DAAA,2026-10-06,D,%,1983-01-03,2026-10-05,10985,3.8,data/raw/credit/moodys/moodys_aaa_baa.csv,long maturity corporate yields
DBAA,FRED,https://fred.stlouisfed.org/series/DBAA,2026-10-06,D,%,1986-01-02,2026-10-05,10226,10.4,data/raw/credit/moodys/moodys_aaa_baa.csv,long maturity corporate yields
BAMLC0A0CM,FRED,https://fred.stlouisfed.org/series/BAMLC0A0CM,2026-10-06,D,%,2023-10-09,2026-10-05,783,1.1,data/raw/credit/ice_oas/ice_oas.csv,FRED history limited to ~3y (ICE license); do NOT splice with Moody's
BAMLH0A0HYM2,FRED,https://fred.stlouisfed.org/series/BAMLH0A0HYM2,2026-10-06,D,%,2023-10-09,2026-10-05,784,1.0,data/raw/credit/ice_oas/ice_oas.csv,FRED history limited to ~3y (ICE license); do NOT splice with Moody's
VIXCLS,FRED,https://fred.stlouisfed.org/series/VIXCLS,2026-10-06,D,index,1990-01-02,2026-10-05,9288,3.1,data/raw/volatility/VIXCLS.csv,
SPY_AdjClose,Yahoo Finance,https://finance.yahoo.com/quote/SPY,2026-10-06,D,USD,1993-01-29,2026-10-06,8479,0.0,data/raw/market/etf/SPY.csv,AdjClose = split+dividend adjusted
SPY_Close,Yahoo Finance,https://finance.yahoo.com/quote/SPY,2026-10-06,D,USD,1993-01-29,2026-10-06,8479,0.0,data/raw/market/etf/SPY.csv,AdjClose = split+dividend adjusted
VGK_AdjClose,Yahoo Finance,https://finance.yahoo.com/quote/VGK,2026-10-06,D,USD,2005-03-10,2026-10-06,5428,0.0,data/raw/market/etf/VGK.csv,AdjClose = split+dividend adjusted
VGK_Close,Yahoo Finance,https://finance.yahoo.com/quote/VGK,2026-10-06,D,USD,2005-03-10,2026-10-06,5428,0.0,data/raw/market/etf/VGK.csv,AdjClose = split+dividend adjusted
EWJ_AdjClose,Yahoo Finance,https://finance.yahoo.com/quote/EWJ,2026-10-06,D,USD,1996-03-18,2026-10-06,7688,0.0,data/raw/market/etf/EWJ.csv,AdjClose = split+dividend adjusted
EWJ_Close,Yahoo Finance,https://finance.yahoo.com/quote/EWJ,2026-10-06,D,USD,1996-03-18,2026-10-06,7688,0.0,data/raw/market/etf/EWJ.csv,AdjClose = split+dividend adjusted
SHY_AdjClose,Yahoo Finance,https://finance.yahoo.com/quote/SHY,2026-10-06,D,USD,2002-07-30,2026-10-06,6086,0.0,data/raw/market/etf/SHY.csv,AdjClose = split+dividend adjusted
SHY_Close,Yahoo Finance,https://finance.yahoo.com/quote/SHY,2026-10-06,D,USD,2002-07-30,2026-10-06,6086,0.0,data/raw/market/etf/SHY.csv,AdjClose = split+dividend adjusted
IEF_AdjClose,Yahoo Finance,https://finance.yahoo.com/quote/IEF,2026-10-06,D,USD,2002-07-30,2026-10-06,6086,0.0,data/raw/market/etf/IEF.csv,AdjClose = split+dividend adjusted
IEF_Close,Yahoo Finance,https://finance.yahoo.com/quote/IEF,2026-10-06,D,USD,2002-07-30,2026-10-06,6086,0.0,data/raw/market/etf/IEF.csv,AdjClose = split+dividend adjusted
TLT_AdjClose,Yahoo Finance,https://finance.yahoo.com/quote/TLT,2026-10-06,D,USD,2002-07-30,2026-10-06,6086,0.0,data/raw/market/etf/TLT.csv,AdjClose = split+dividend adjusted
TLT_Close,Yahoo Finance,https://finance.yahoo.com/quote/TLT,2026-10-06,D,USD,2002-07-30,2026-10-06,6086,0.0,data/raw/market/etf/TLT.csv,AdjClose = split+dividend adjusted
LQD_AdjClose,Yahoo Finance,https://finance.yahoo.com/quote/LQD,2026-10-06,D,USD,2002-07-30,2026-10-06,6086,0.0,data/raw/market/etf/LQD.csv,AdjClose = split+dividend adjusted
LQD_Close,Yahoo Finance,https://finance.yahoo.com/quote/LQD,2026-10-06,D,USD,2002-07-30,2026-10-06,6086,0.0,data/raw/market/etf/LQD.csv,AdjClose = split+dividend adjusted
HYG_AdjClose,Yahoo Finance,https://finance.yahoo.com/quote/HYG,2026-10-06,D,USD,2007-04-11,2026-10-06,4904,0.0,data/raw/market/etf/HYG.csv,AdjClose = split+dividend adjusted
HYG_Close,Yahoo Finance,https://finance.yahoo.com/quote/HYG,2026-10-06,D,USD,2007-04-11,2026-10-06,4904,0.0,data/raw/market/etf/HYG.csv,AdjClose = split+dividend adjusted
GLD_AdjClose,Yahoo Finance,https://finance.yahoo.com/quote/GLD,2026-10-06,D,USD,2004-11-18,2026-10-06,5504,0.0,data/raw/market/etf/GLD.csv,AdjClose = split+dividend adjusted
GLD_Close,Yahoo Finance,https://finance.yahoo.com/quote/GLD,2026-10-06,D,USD,2004-11-18,2026-10-06,5504,0.0,data/raw/market/etf/GLD.csv,AdjClose = split+dividend adjusted
DBC_AdjClose,Yahoo Finance,https://finance.yahoo.com/quote/DBC,2026-10-06,D,USD,2006-02-06,2026-10-06,5199,0.0,data/raw/market/etf/DBC.csv,AdjClose = split+dividend adjusted
DBC_Close,Yahoo Finance,https://finance.yahoo.com/quote/DBC,2026-10-06,D,USD,2006-02-06,2026-10-06,5199,0.0,data/raw/market/etf/DBC.csv,AdjClose = split+dividend adjusted
JGB_1Y,Japan MoF,https://www.mof.go.jp/english/policy/jgbs/reference/interest_rate/historical/jgbcme_all.csv,2026-10-06,D,%,1974-09-24,2026-10-05,12664,4.9,data/raw/rates/jgb/jgb_curve.csv,
JGB_2Y,Japan MoF,https://www.mof.go.jp/english/policy/jgbs/reference/interest_rate/historical/jgbcme_all.csv,2026-10-06,D,%,1974-09-24,2026-10-05,12951,2.7,data/raw/rates/jgb/jgb_curve.csv,
JGB_3Y,Japan MoF,https://www.mof.go.jp/english/policy/jgbs/reference/interest_rate/historical/jgbcme_all.csv,2026-10-06,D,%,1974-09-24,2026-10-05,13236,0.6,data/raw/rates/jgb/jgb_curve.csv,
JGB_4Y,Japan MoF,https://www.mof.go.jp/english/policy/jgbs/reference/interest_rate/historical/jgbcme_all.csv,2026-10-06,D,%,1974-09-24,2026-10-05,13312,0.0,data/raw/rates/jgb/jgb_curve.csv,
JGB_5Y,Japan MoF,https://www.mof.go.jp/english/policy/jgbs/reference/interest_rate/historical/jgbcme_all.csv,2026-10-06,D,%,1974-09-24,2026-10-05,13312,0.0,data/raw/rates/jgb/jgb_curve.csv,
JGB_6Y,Japan MoF,https://www.mof.go.jp/english/policy/jgbs/reference/interest_rate/historical/jgbcme_all.csv,2026-10-06,D,%,1974-09-24,2026-10-05,13312,0.0,data/raw/rates/jgb/jgb_curve.csv,
JGB_7Y,Japan MoF,https://www.mof.go.jp/english/policy/jgbs/reference/interest_rate/historical/jgbcme_all.csv,2026-10-06,D,%,1974-09-24,2026-10-05,13312,0.0,data/raw/rates/jgb/jgb_curve.csv,
JGB_8Y,Japan MoF,https://www.mof.go.jp/english/policy/jgbs/reference/interest_rate/historical/jgbcme_all.csv,2026-10-06,D,%,1974-09-24,2026-10-05,13312,0.0,data/raw/rates/jgb/jgb_curve.csv,
JGB_9Y,Japan MoF,https://www.mof.go.jp/english/policy/jgbs/reference/interest_rate/historical/jgbcme_all.csv,2026-10-06,D,%,1974-09-24,2026-10-05,13312,0.0,data/raw/rates/jgb/jgb_curve.csv,
JGB_10Y,Japan MoF,https://www.mof.go.jp/english/policy/jgbs/reference/interest_rate/historical/jgbcme_all.csv,2026-10-06,D,%,1986-07-05,2026-10-05,9951,25.2,data/raw/rates/jgb/jgb_curve.csv,
JGB_15Y,Japan MoF,https://www.mof.go.jp/english/policy/jgbs/reference/interest_rate/historical/jgbcme_all.csv,2026-10-06,D,%,1991-08-30,2026-10-05,8610,35.3,data/raw/rates/jgb/jgb_curve.csv,
JGB_20Y,Japan MoF,https://www.mof.go.jp/english/policy/jgbs/reference/interest_rate/historical/jgbcme_all.csv,2026-10-06,D,%,1986-12-01,2026-10-05,9838,26.1,data/raw/rates/jgb/jgb_curve.csv,
JGB_25Y,Japan MoF,https://www.mof.go.jp/english/policy/jgbs/reference/interest_rate/historical/jgbcme_all.csv,2026-10-06,D,%,2004-03-22,2026-10-05,5517,58.6,data/raw/rates/jgb/jgb_curve.csv,
JGB_30Y,Japan MoF,https://www.mof.go.jp/english/policy/jgbs/reference/interest_rate/historical/jgbcme_all.csv,2026-10-06,D,%,1999-09-02,2026-10-05,6635,50.2,data/raw/rates/jgb/jgb_curve.csv,
JGB_40Y,Japan MoF,https://www.mof.go.jp/english/policy/jgbs/reference/interest_rate/historical/jgbcme_all.csv,2026-10-06,D,%,2007-11-06,2026-10-05,4623,65.3,data/raw/rates/jgb/jgb_curve.csv,
YC.B.U2.EUR.4F.G_N_A.SV_C_YM.SR_10Y,ECB Data Portal,https://data-api.ecb.europa.eu/service/data/YC/B.U2.EUR.4F.G_N_A.SV_C_YM.SR_3M+SR_1Y+SR_2Y+SR_5Y+SR_7Y+SR_10Y+SR_15Y+SR_20Y+SR_30Y?format=csvdata,2026-10-06,D,%,2004-09-06,2026-10-05,5645,0.0,data/raw/rates/ecb/G_N_A_SR.csv,
YC.B.U2.EUR.4F.G_N_A.SV_C_YM.SR_15Y,ECB Data Portal,https://data-api.ecb.europa.eu/service/data/YC/B.U2.EUR.4F.G_N_A.SV_C_YM.SR_3M+SR_1Y+SR_2Y+SR_5Y+SR_7Y+SR_10Y+SR_15Y+SR_20Y+SR_30Y?format=csvdata,2026-10-06,D,%,2004-09-06,2026-10-05,5645,0.0,data/raw/rates/ecb/G_N_A_SR.csv,
YC.B.U2.EUR.4F.G_N_A.SV_C_YM.SR_1Y,ECB Data Portal,https://data-api.ecb.europa.eu/service/data/YC/B.U2.EUR.4F.G_N_A.SV_C_YM.SR_3M+SR_1Y+SR_2Y+SR_5Y+SR_7Y+SR_10Y+SR_15Y+SR_20Y+SR_30Y?format=csvdata,2026-10-06,D,%,2004-09-06,2026-10-05,5645,0.0,data/raw/rates/ecb/G_N_A_SR.csv,
YC.B.U2.EUR.4F.G_N_A.SV_C_YM.SR_20Y,ECB Data Portal,https://data-api.ecb.europa.eu/service/data/YC/B.U2.EUR.4F.G_N_A.SV_C_YM.SR_3M+SR_1Y+SR_2Y+SR_5Y+SR_7Y+SR_10Y+SR_15Y+SR_20Y+SR_30Y?format=csvdata,2026-10-06,D,%,2004-09-06,2026-10-05,5645,0.0,data/raw/rates/ecb/G_N_A_SR.csv,
YC.B.U2.EUR.4F.G_N_A.SV_C_YM.SR_2Y,ECB Data Portal,https://data-api.ecb.europa.eu/service/data/YC/B.U2.EUR.4F.G_N_A.SV_C_YM.SR_3M+SR_1Y+SR_2Y+SR_5Y+SR_7Y+SR_10Y+SR_15Y+SR_20Y+SR_30Y?format=csvdata,2026-10-06,D,%,2004-09-06,2026-10-05,5645,0.0,data/raw/rates/ecb/G_N_A_SR.csv,
YC.B.U2.EUR.4F.G_N_A.SV_C_YM.SR_30Y,ECB Data Portal,https://data-api.ecb.europa.eu/service/data/YC/B.U2.EUR.4F.G_N_A.SV_C_YM.SR_3M+SR_1Y+SR_2Y+SR_5Y+SR_7Y+SR_10Y+SR_15Y+SR_20Y+SR_30Y?format=csvdata,2026-10-06,D,%,2004-09-06,2026-10-05,5645,0.0,data/raw/rates/ecb/G_N_A_SR.csv,
YC.B.U2.EUR.4F.G_N_A.SV_C_YM.SR_3M,ECB Data Portal,https://data-api.ecb.europa.eu/service/data/YC/B.U2.EUR.4F.G_N_A.SV_C_YM.SR_3M+SR_1Y+SR_2Y+SR_5Y+SR_7Y+SR_10Y+SR_15Y+SR_20Y+SR_30Y?format=csvdata,2026-10-06,D,%,2004-09-06,2026-10-05,5645,0.0,data/raw/rates/ecb/G_N_A_SR.csv,
YC.B.U2.EUR.4F.G_N_A.SV_C_YM.SR_5Y,ECB Data Portal,https://data-api.ecb.europa.eu/service/data/YC/B.U2.EUR.4F.G_N_A.SV_C_YM.SR_3M+SR_1Y+SR_2Y+SR_5Y+SR_7Y+SR_10Y+SR_15Y+SR_20Y+SR_30Y?format=csvdata,2026-10-06,D,%,2004-09-06,2026-10-05,5645,0.0,data/raw/rates/ecb/G_N_A_SR.csv,
YC.B.U2.EUR.4F.G_N_A.SV_C_YM.SR_7Y,ECB Data Portal,https://data-api.ecb.europa.eu/service/data/YC/B.U2.EUR.4F.G_N_A.SV_C_YM.SR_3M+SR_1Y+SR_2Y+SR_5Y+SR_7Y+SR_10Y+SR_15Y+SR_20Y+SR_30Y?format=csvdata,2026-10-06,D,%,2004-09-06,2026-10-05,5645,0.0,data/raw/rates/ecb/G_N_A_SR.csv,
YC.B.U2.EUR.4F.G_N_A.SV_C_YM.PY_10Y,ECB Data Portal,https://data-api.ecb.europa.eu/service/data/YC/B.U2.EUR.4F.G_N_A.SV_C_YM.PY_3M+PY_1Y+PY_2Y+PY_5Y+PY_7Y+PY_10Y+PY_15Y+PY_20Y+PY_30Y?format=csvdata,2026-10-06,D,%,2004-09-06,2026-10-05,5646,0.0,data/raw/rates/ecb/G_N_A_PY.csv,
YC.B.U2.EUR.4F.G_N_A.SV_C_YM.PY_15Y,ECB Data Portal,https://data-api.ecb.europa.eu/service/data/YC/B.U2.EUR.4F.G_N_A.SV_C_YM.PY_3M+PY_1Y+PY_2Y+PY_5Y+PY_7Y+PY_10Y+PY_15Y+PY_20Y+PY_30Y?format=csvdata,2026-10-06,D,%,2004-09-06,2026-10-05,5646,0.0,data/raw/rates/ecb/G_N_A_PY.csv,
YC.B.U2.EUR.4F.G_N_A.SV_C_YM.PY_1Y,ECB Data Portal,https://data-api.ecb.europa.eu/service/data/YC/B.U2.EUR.4F.G_N_A.SV_C_YM.PY_3M+PY_1Y+PY_2Y+PY_5Y+PY_7Y+PY_10Y+PY_15Y+PY_20Y+PY_30Y?format=csvdata,2026-10-06,D,%,2004-09-06,2026-10-05,5646,0.0,data/raw/rates/ecb/G_N_A_PY.csv,
YC.B.U2.EUR.4F.G_N_A.SV_C_YM.PY_20Y,ECB Data Portal,https://data-api.ecb.europa.eu/service/data/YC/B.U2.EUR.4F.G_N_A.SV_C_YM.PY_3M+PY_1Y+PY_2Y+PY_5Y+PY_7Y+PY_10Y+PY_15Y+PY_20Y+PY_30Y?format=csvdata,2026-10-06,D,%,2004-09-06,2026-10-05,5646,0.0,data/raw/rates/ecb/G_N_A_PY.csv,
YC.B.U2.EUR.4F.G_N_A.SV_C_YM.PY_2Y,ECB Data Portal,https://data-api.ecb.europa.eu/service/data/YC/B.U2.EUR.4F.G_N_A.SV_C_YM.PY_3M+PY_1Y+PY_2Y+PY_5Y+PY_7Y+PY_10Y+PY_15Y+PY_20Y+PY_30Y?format=csvdata,2026-10-06,D,%,2004-09-06,2026-10-05,5646,0.0,data/raw/rates/ecb/G_N_A_PY.csv,
YC.B.U2.EUR.4F.G_N_A.SV_C_YM.PY_30Y,ECB Data Portal,https://data-api.ecb.europa.eu/service/data/YC/B.U2.EUR.4F.G_N_A.SV_C_YM.PY_3M+PY_1Y+PY_2Y+PY_5Y+PY_7Y+PY_10Y+PY_15Y+PY_20Y+PY_30Y?format=csvdata,2026-10-06,D,%,2004-09-06,2026-10-05,5646,0.0,data/raw/rates/ecb/G_N_A_PY.csv,
YC.B.U2.EUR.4F.G_N_A.SV_C_YM.PY_3M,ECB Data Portal,https://data-api.ecb.europa.eu/service/data/YC/B.U2.EUR.4F.G_N_A.SV_C_YM.PY_3M+PY_1Y+PY_2Y+PY_5Y+PY_7Y+PY_10Y+PY_15Y+PY_20Y+PY_30Y?format=csvdata,2026-10-06,D,%,2004-09-06,2026-10-05,5646,0.0,data/raw/rates/ecb/G_N_A_PY.csv,
YC.B.U2.EUR.4F.G_N_A.SV_C_YM.PY_5Y,ECB Data Portal,https://data-api.ecb.europa.eu/service/data/YC/B.U2.EUR.4F.G_N_A.SV_C_YM.PY_3M+PY_1Y+PY_2Y+PY_5Y+PY_7Y+PY_10Y+PY_15Y+PY_20Y+PY_30Y?format=csvdata,2026-10-06,D,%,2004-09-06,2026-10-05,5646,0.0,data/raw/rates/ecb/G_N_A_PY.csv,
YC.B.U2.EUR.4F.G_N_A.SV_C_YM.PY_7Y,ECB Data Portal,https://data-api.ecb.europa.eu/service/data/YC/B.U2.EUR.4F.G_N_A.SV_C_YM.PY_3M+PY_1Y+PY_2Y+PY_5Y+PY_7Y+PY_10Y+PY_15Y+PY_20Y+PY_30Y?format=csvdata,2026-10-06,D,%,2004-09-06,2026-10-05,5646,0.0,data/raw/rates/ecb/G_N_A_PY.csv,
YC.B.U2.EUR.4F.G_N_C.SV_C_YM.SR_10Y,ECB Data Portal,https://data-api.ecb.europa.eu/service/data/YC/B.U2.EUR.4F.G_N_C.SV_C_YM.SR_3M+SR_1Y+SR_2Y+SR_5Y+SR_7Y+SR_10Y+SR_15Y+SR_20Y+SR_30Y?format=csvdata,2026-10-06,D,%,2004-09-06,2026-10-05,5645,0.0,data/raw/rates/ecb/G_N_C_SR.csv,
YC.B.U2.EUR.4F.G_N_C.SV_C_YM.SR_15Y,ECB Data Portal,https://data-api.ecb.europa.eu/service/data/YC/B.U2.EUR.4F.G_N_C.SV_C_YM.SR_3M+SR_1Y+SR_2Y+SR_5Y+SR_7Y+SR_10Y+SR_15Y+SR_20Y+SR_30Y?format=csvdata,2026-10-06,D,%,2004-09-06,2026-10-05,5645,0.0,data/raw/rates/ecb/G_N_C_SR.csv,
YC.B.U2.EUR.4F.G_N_C.SV_C_YM.SR_1Y,ECB Data Portal,https://data-api.ecb.europa.eu/service/data/YC/B.U2.EUR.4F.G_N_C.SV_C_YM.SR_3M+SR_1Y+SR_2Y+SR_5Y+SR_7Y+SR_10Y+SR_15Y+SR_20Y+SR_30Y?format=csvdata,2026-10-06,D,%,2004-09-06,2026-10-05,5645,0.0,data/raw/rates/ecb/G_N_C_SR.csv,
YC.B.U2.EUR.4F.G_N_C.SV_C_YM.SR_20Y,ECB Data Portal,https://data-api.ecb.europa.eu/service/data/YC/B.U2.EUR.4F.G_N_C.SV_C_YM.SR_3M+SR_1Y+SR_2Y+SR_5Y+SR_7Y+SR_10Y+SR_15Y+SR_20Y+SR_30Y?format=csvdata,2026-10-06,D,%,2004-09-06,2026-10-05,5645,0.0,data/raw/rates/ecb/G_N_C_SR.csv,
YC.B.U2.EUR.4F.G_N_C.SV_C_YM.SR_2Y,ECB Data Portal,https://data-api.ecb.europa.eu/service/data/YC/B.U2.EUR.4F.G_N_C.SV_C_YM.SR_3M+SR_1Y+SR_2Y+SR_5Y+SR_7Y+SR_10Y+SR_15Y+SR_20Y+SR_30Y?format=csvdata,2026-10-06,D,%,2004-09-06,2026-10-05,5645,0.0,data/raw/rates/ecb/G_N_C_SR.csv,
YC.B.U2.EUR.4F.G_N_C.SV_C_YM.SR_30Y,ECB Data Portal,https://data-api.ecb.europa.eu/service/data/YC/B.U2.EUR.4F.G_N_C.SV_C_YM.SR_3M+SR_1Y+SR_2Y+SR_5Y+SR_7Y+SR_10Y+SR_15Y+SR_20Y+SR_30Y?format=csvdata,2026-10-06,D,%,2004-09-06,2026-10-05,5645,0.0,data/raw/rates/ecb/G_N_C_SR.csv,
YC.B.U2.EUR.4F.G_N_C.SV_C_YM.SR_3M,ECB Data Portal,https://data-api.ecb.europa.eu/service/data/YC/B.U2.EUR.4F.G_N_C.SV_C_YM.SR_3M+SR_1Y+SR_2Y+SR_5Y+SR_7Y+SR_10Y+SR_15Y+SR_20Y+SR_30Y?format=csvdata,2026-10-06,D,%,2004-09-06,2026-10-05,5645,0.0,data/raw/rates/ecb/G_N_C_SR.csv,
YC.B.U2.EUR.4F.G_N_C.SV_C_YM.SR_5Y,ECB Data Portal,https://data-api.ecb.europa.eu/service/data/YC/B.U2.EUR.4F.G_N_C.SV_C_YM.SR_3M+SR_1Y+SR_2Y+SR_5Y+SR_7Y+SR_10Y+SR_15Y+SR_20Y+SR_30Y?format=csvdata,2026-10-06,D,%,2004-09-06,2026-10-05,5645,0.0,data/raw/rates/ecb/G_N_C_SR.csv,
YC.B.U2.EUR.4F.G_N_C.SV_C_YM.SR_7Y,ECB Data Portal,https://data-api.ecb.europa.eu/service/data/YC/B.U2.EUR.4F.G_N_C.SV_C_YM.SR_3M+SR_1Y+SR_2Y+SR_5Y+SR_7Y+SR_10Y+SR_15Y+SR_20Y+SR_30Y?format=csvdata,2026-10-06,D,%,2004-09-06,2026-10-05,5645,0.0,data/raw/rates/ecb/G_N_C_SR.csv,
YC.B.U2.EUR.4F.G_N_C.SV_C_YM.PY_10Y,ECB Data Portal,https://data-api.ecb.europa.eu/service/data/YC/B.U2.EUR.4F.G_N_C.SV_C_YM.PY_3M+PY_1Y+PY_2Y+PY_5Y+PY_7Y+PY_10Y+PY_15Y+PY_20Y+PY_30Y?format=csvdata,2026-10-06,D,%,2004-09-06,2026-10-05,5645,0.0,data/raw/rates/ecb/G_N_C_PY.csv,
YC.B.U2.EUR.4F.G_N_C.SV_C_YM.PY_15Y,ECB Data Portal,https://data-api.ecb.europa.eu/service/data/YC/B.U2.EUR.4F.G_N_C.SV_C_YM.PY_3M+PY_1Y+PY_2Y+PY_5Y+PY_7Y+PY_10Y+PY_15Y+PY_20Y+PY_30Y?format=csvdata,2026-10-06,D,%,2004-09-06,2026-10-05,5645,0.0,data/raw/rates/ecb/G_N_C_PY.csv,
YC.B.U2.EUR.4F.G_N_C.SV_C_YM.PY_1Y,ECB Data Portal,https://data-api.ecb.europa.eu/service/data/YC/B.U2.EUR.4F.G_N_C.SV_C_YM.PY_3M+PY_1Y+PY_2Y+PY_5Y+PY_7Y+PY_10Y+PY_15Y+PY_20Y+PY_30Y?format=csvdata,2026-10-06,D,%,2004-09-06,2026-10-05,5645,0.0,data/raw/rates/ecb/G_N_C_PY.csv,
YC.B.U2.EUR.4F.G_N_C.SV_C_YM.PY_20Y,ECB Data Portal,https://data-api.ecb.europa.eu/service/data/YC/B.U2.EUR.4F.G_N_C.SV_C_YM.PY_3M+PY_1Y+PY_2Y+PY_5Y+PY_7Y+PY_10Y+PY_15Y+PY_20Y+PY_30Y?format=csvdata,2026-10-06,D,%,2004-09-06,2026-10-05,5645,0.0,data/raw/rates/ecb/G_N_C_PY.csv,
YC.B.U2.EUR.4F.G_N_C.SV_C_YM.PY_2Y,ECB Data Portal,https://data-api.ecb.europa.eu/service/data/YC/B.U2.EUR.4F.G_N_C.SV_C_YM.PY_3M+PY_1Y+PY_2Y+PY_5Y+PY_7Y+PY_10Y+PY_15Y+PY_20Y+PY_30Y?format=csvdata,2026-10-06,D,%,2004-09-06,2026-10-05,5645,0.0,data/raw/rates/ecb/G_N_C_PY.csv,
YC.B.U2.EUR.4F.G_N_C.SV_C_YM.PY_30Y,ECB Data Portal,https://data-api.ecb.europa.eu/service/data/YC/B.U2.EUR.4F.G_N_C.SV_C_YM.PY_3M+PY_1Y+PY_2Y+PY_5Y+PY_7Y+PY_10Y+PY_15Y+PY_20Y+PY_30Y?format=csvdata,2026-10-06,D,%,2004-09-06,2026-10-05,5645,0.0,data/raw/rates/ecb/G_N_C_PY.csv,
YC.B.U2.EUR.4F.G_N_C.SV_C_YM.PY_3M,ECB Data Portal,https://data-api.ecb.europa.eu/service/data/YC/B.U2.EUR.4F.G_N_C.SV_C_YM.PY_3M+PY_1Y+PY_2Y+PY_5Y+PY_7Y+PY_10Y+PY_15Y+PY_20Y+PY_30Y?format=csvdata,2026-10-06,D,%,2004-09-06,2026-10-05,5645,0.0,data/raw/rates/ecb/G_N_C_PY.csv,
YC.B.U2.EUR.4F.G_N_C.SV_C_YM.PY_5Y,ECB Data Portal,https://data-api.ecb.europa.eu/service/data/YC/B.U2.EUR.4F.G_N_C.SV_C_YM.PY_3M+PY_1Y+PY_2Y+PY_5Y+PY_7Y+PY_10Y+PY_15Y+PY_20Y+PY_30Y?format=csvdata,2026-10-06,D,%,2004-09-06,2026-10-05,5645,0.0,data/raw/rates/ecb/G_N_C_PY.csv,
YC.B.U2.EUR.4F.G_N_C.SV_C_YM.PY_7Y,ECB Data Portal,https://data-api.ecb.europa.eu/service/data/YC/B.U2.EUR.4F.G_N_C.SV_C_YM.PY_3M+PY_1Y+PY_2Y+PY_5Y+PY_7Y+PY_10Y+PY_15Y+PY_20Y+PY_30Y?format=csvdata,2026-10-06,D,%,2004-09-06,2026-10-05,5645,0.0,data/raw/rates/ecb/G_N_C_PY.csv,
EST.B.EU000A2X2A25.WT,ECB Data Portal,https://data-api.ecb.europa.eu/service/data/EST/B.EU000A2X2A25.WT?format=csvdata,2026-10-06,D,%,2019-10-01,2026-10-05,1796,0.0,data/raw/short_rates/ESTR.csv,
EON.D.EONIA_TO.RATE,ECB Data Portal,https://data-api.ecb.europa.eu/service/data/EON/D.EONIA_TO.RATE?format=csvdata,2026-10-06,D,%,1999-01-04,2021-12-31,5890,0.0,data/raw/short_rates/EONIA.csv,
JPY_CALL_ON,Bank of Japan,https://www.stat-search.boj.or.jp/ (FM01'STRDCLUCON),2026-10-06,D,%,1998-01-05,2026-10-02,7046,33.5,data/raw/short_rates/JPY_CALL_ON.csv,"Uncollateralized O/N call rate, daily average; manual download"
IRSTCI01JPM156N,FRED (OECD),https://fred.stlouisfed.org/series/IRSTCI01JPM156N,2026-10-06,D,%,1985-07-01,2026-08-01,494,0.0,data/raw/short_rates/IRSTCI01JPM156N.csv,monthly; backup / pre-1998 extension only
