stress_id,name,start_date,end_date,category,assets_available,description
DOTCOM,Dot-com,2000-03-24,2002-10-09,equity,"SPY,EWJ,curves",S&P 500 peak to trough
GFC,Global Financial Crisis,2007-10-09,2009-03-09,systemic,in-sample only,S&P 500 peak to trough; before first out-of-sample date
EURO,Euro Sovereign Crisis,2010-04-01,2012-07-26,sovereign,all,Ends at Draghi 'whatever it takes'
TAPER,Taper Tantrum,2013-05-22,2013-09-05,rates,all,Bernanke taper remarks to 10Y peak
CHINA,China / Commodity Shock,2015-08-10,2016-02-11,em_commodity,all,CNY devaluation to equity trough
Q4_2018,Q4 2018,2018-10-01,2018-12-24,equity,all,Fed tightening sell-off
COVID,COVID-19,2020-02-19,2020-03-23,systemic,all,S&P 500 peak to trough
RATES22,Inflation / Rates Shock,2022-01-03,2022-10-12,rates,all,Stock-bond correlation turns positive
BANK23,Banking Stress,2023-03-08,2023-03-31,financial,all,SVB / Credit Suisse
